[{"id":"user-image-WhatsAppImage2023-06-24at9.06.03AM.jpeg","publicUrl":"np://user.desktop.nicepage.com/Site_283710695/images/WhatsAppImage2023-06-24at9.06.03AM.jpeg","size":76028,"hash":"NY46M+33AeSqzKPk+mo0iZDxHxk=","fileName":"WhatsAppImage2023-06-24at9.06.03AM.jpeg","name":"WhatsAppImage2023-06-24at9.06.03AM","width":1080,"height":1076,"thumbnail":{"url":"np://user.desktop.nicepage.com/Site_283710695/images/thumbnails/WhatsAppImage2023-06-24at9.06.03AM.jpeg","width":250,"height":249},"folderId":null,"usages":["159518846"]},{"id":"user-image-WhatsAppImage2023-06-24at7.18.59AM1.jpeg","publicUrl":"np://user.desktop.nicepage.com/Site_283710695/images/WhatsAppImage2023-06-24at7.18.59AM1.jpeg","size":79544,"hash":"XP42V2FNwUK8GcORIxrwjn4riwQ=","fileName":"WhatsAppImage2023-06-24at7.18.59AM1.jpeg","name":"WhatsAppImage2023-06-24at7.18.59AM1","width":759,"height":787,"thumbnail":{"url":"np://user.desktop.nicepage.com/Site_283710695/images/thumbnails/WhatsAppImage2023-06-24at7.18.59AM1.jpeg","width":241,"height":250},"folderId":null,"usages":["159518846"]}]